employee_id,project_id,date,hours_logged
E001,P001,2026-09-01,8
E001,P001,2026-09-02,8
E001,P001,2026-09-03,8
E001,P001,2026-09-04,8
E001,P001,2026-09-05,8
E002,P002,2026-09-01,8
E002,P002,2026-09-02,8
E002,P002,2026-09-03,8
E002,P002,2026-09-04,8
E002,P002,2026-09-05,8
E003,P003,2026-09-08,8
E003,P003,2026-09-09,8
E003,P003,2026-09-10,10
E003,P003,2026-09-11,8
E004,P001,2026-09-08,8
E004,P001,2026-09-09,8
E004,P001,2026-09-10,8
E004,P001,2026-09-11,8
E005,P001,2026-09-12,8
E005,P001,2026-09-13,8
E005,P001,2026-09-14,8
E005,P001,2026-09-15,8
E006,P004,2026-09-15,8
E006,P004,2026-09-16,8
E006,P004,2026-09-17,9
E006,P004,2026-09-18,8
E007,P002,2026-09-18,8
E007,P002,2026-09-19,8
E007,P002,2026-09-20,8
E008,P003,2026-09-21,8
E008,P003,2026-09-22,8
E008,P003,2026-09-23,8
E009,P004,2026-09-23,8
E009,P004,2026-09-24,8
E009,P004,2026-09-25,8
E010,P001,2026-09-25,4
E010,P001,2026-09-26,8
